2,Isla,Davis
3,Emma,Doe
4,Jane,Garcia
5,Jane,Rodriguez
6,Corey,Smith
7,Isla,Doe
8,Bruce,Davis
9,Emma,Johnson
10,Bruce,Smith
11,Corey,Doe
12,Nicole,Doe
13,Bruce,Doe
14,John,Davis
15,Emma,Garcia
16,Katie,Davis
17,Bruce,Miller
18,Corey,Jones
19,John,Johnson
20,Nicole,Johnson
21,Isla,Doe
22,Nicole,Smith
23,John,Johnson
24,John,Rodriguez
25,Tom,Miller
26,Katie,Johnson
27,Tom,Williams
28,Peter,Johnson
29,Emma,Johnson
30,Tom,Jones
31,John,Miller
32,Corey,Davis
33,Nicole,Miller
34,Nicole,Garcia
35,Emma,Garcia
36,Corey,Smith
37,Nicole,Doe
38,Emma,Rodriguez
39,Corey,Jones
40,Katie,Williams
41,Emma,Doe
42,Tom,Davis
43,Emma,Doe
44,Katie,Miller
45,Jane,Jones
46,Emma,Smith
47,Bruce,Smith
48,Corey,Davis
49,Emma,Davis
50,Nicole,Brown
51,Isla,Garcia
52,Nicole,Johnson
53,Emma,Jones
54,Corey,Garcia
55,Jane,Doe
56,Emma,Smith
